<?xml version="1.0" encoding="UTF-8"?>
<beans xmlns="http://www.springframework.org/schema/beans"
	xmlns:context="http://www.springframework.org/schema/context"
	xmlns:mvc="http://www.springframework.org/schema/mvc"
	xmlns:xsi="http://www.w3.org/2001/XMLSchema-instance"
	xsi:schemaLocation="http://www.springframework.org/schema/beans http://www.springframework.org/schema/beans/spring-beans.xsd
http://www.springframework.org/schema/mvc http://www.springframework.org/schema/mvc/spring-mvc.xsd
http://www.springframework.org/schema/context http://www.springframework.org/schema/context/spring-context.xsd">


	<context:component-scan base-package="bnym.casestudy" />
	
	<mvc:annotation-driven /> <!--We need this to add the Map -->
	<mvc:resources location="/styles/" mapping="/styles/**"></mvc:resources>
	<mvc:resources location="/images/" mapping="/images/**"></mvc:resources>
	<mvc:resources location="/js/" mapping="/js/**"></mvc:resources>
	<mvc:resources location="/scripts/" mapping="/scripts/**"></mvc:resources>

	<bean id="viewResolver"
		class="org.springframework.web.servlet.view.InternalResourceViewResolver">
		<property name="prefix" value="/WEB-INF/views/" />
		<property name="suffix" value=".jsp" />
	</bean>

	<bean id="messageSource"
		class="org.springframework.context.support.ReloadableResourceBundleMessageSource">
		<property name="basename" value="/WEB-INF/messages" />
	</bean>
	
 	<mvc:view-controller path="/login" view-name="login"/>

</beans>